path,format,producer,producer_model,producer_version,source,source_path,license,provenance_confidence,sha256,size_bytes,width,height,metadata_summary,validation_status,notes
generated/jpeg/progressive-truncated.jpg,JPEG,generated locally,,,locally generated,generated locally,see upstream repository,GENERATED,c61f93aa405dbd39847d957f3d80c413d4942a60d2b9833faaa30ea3deb12bb7,307,identify:,Premature,33; 17;,valid,clearly labelled generated edge case
generated/jpeg/progressive.jpg,JPEG,generated locally,,,locally generated,generated locally,see upstream repository,GENERATED,c821438a6c4dc6d62c57a809bafe39acf5e83d95deeff0add0cf5cfc855b14e4,614,33,17,33; 17;,valid,clearly labelled generated edge case
generated/jpeg/subsampling-444.jpg,JPEG,generated locally,,,locally generated,generated locally,see upstream repository,GENERATED,0b393031fec367cbc2b694768004abc9e362ef5125615e92fdad8f1495c682d8,366,33,17,33; 17;,valid,clearly labelled generated edge case
generated/pdf/minimal-xref-table.pdf,PDF,generated locally,,,locally generated,generated locally,see upstream repository,GENERATED,feb66bdd4ee31148c2b34d52ea676118ce3add57177b5fe2303df1f9700a40f3,215,,,1.5; 0;,malformed-but-useful: qpdf --check failed,clearly labelled generated edge case
generated/png/interlaced-truncated.png,PNG,generated locally,,,locally generated,generated locally,see upstream repository,GENERATED,fe4266248cf197f558cbde51aa195634cf08b166db3cc87b11303e9de1d02a5c,135,identify:,Expected,33; 17;,malformed-but-useful: decoder rejected,clearly labelled generated edge case
generated/png/interlaced.png,PNG,generated locally,,,locally generated,generated locally,see upstream repository,GENERATED,628f99c59381f344903c00f7a4885c8c5de5ba534e26c736b04c4081ccf4f8ca,271,33,17,33; 17;,valid,clearly labelled generated edge case
generated/png/palette.png,PNG,generated locally,,,locally generated,generated locally,see upstream repository,GENERATED,06e1b280f6736a9e60cd81087dca11f7d3b3ea51c5c7c5be5187ddd587470036,201,33,17,33; 17;,valid,clearly labelled generated edge case
generated/webp/from-jpeg-exif.webp,WebP,libwebp cwebp (JPEG->WebP conversion),,,locally generated,locally generated,see upstream repository,GENERATED,52c2e8efedb2f7216eb6c4ad26c33b2f4f5c0ae81035ddcb3f95b67c85bcb69c,7928,100,68,100; 68; Canon; Canon EOS 40D; Horizontal (normal); sRGB IEC61966-2.1;,valid,Real Canon Exif and ICC carried across a format conversion by cwebp -metadata all; closes the conversion-path gap in docs/THREAT_MODEL.md 7.4
generated/webp/lossless-alpha.webp,WebP,generated locally,,,locally generated,generated locally,see upstream repository,GENERATED,5a7b162eae15e016acef79d1899fbd31313dc06e869a1483b3bb5939a2868a7b,58,33,17,33; 17;,valid,clearly labelled generated edge case
generated/webp/lossy-truncated.webp,WebP,generated locally,,,locally generated,generated locally,see upstream repository,GENERATED,a560e0a2548192d215d51d28c35707f4859601e5a0423507728c0879e020ef56,44,identify:,insufficient,Warning: Error reading RIFF file (corrupted?) - /Users/sacomtechnologies/Desktop/projects/strypt/real-producer-corpus/real-corpus/generated/webp/lossy-truncated.webp;,malformed-but-useful: decoder rejected,clearly labelled generated edge case
generated/webp/lossy.webp,WebP,generated locally,,,locally generated,generated locally,see upstream repository,GENERATED,1776fa809e5fb6bc0a5a705664a06ea699673f41eaabb7962c1537290ff12c21,88,33,17,33; 17;,valid,clearly labelled generated edge case
jpeg/android/HMD_Nokia_8.3_5G.jpg,JPEG,Android camera,,,https://github.com/ianare/exif-samples,exif-samples/jpg/mobile/HMD_Nokia_8.3_5G.jpg,see upstream repository,HIGH,f2eb33644f8b11eff9d14e47cba16d10225817e5b3c94279e40062399fa0dd40,2190200,4608,1976,4608; 1976; HMD Global; Nokia 8.3 5G; Horizontal (normal);,valid,Embedded HMD/Jolla device Make and Model
jpeg/android/HMD_Nokia_8.3_5G_hdr.jpg,JPEG,Android camera,,,https://github.com/ianare/exif-samples,exif-samples/jpg/mobile/HMD_Nokia_8.3_5G_hdr.jpg,see upstream repository,HIGH,74e2388f07213d55df16d47956d802a4406ccdfe4cd602abe95758eb530b0ed5,5168019,4608,3456,4608; 3456; HMD Global; Nokia 8.3 5G; Rotate 90 CW;,valid,Embedded HMD/Jolla device Make and Model
jpeg/android/Samsung_Digimax_i50_MP3.jpg,JPEG,Samsung camera,,,https://github.com/ianare/exif-samples,exif-samples/jpg/Samsung_Digimax_i50_MP3.jpg,see upstream repository,HIGH,e61da5ee8d7ba1726bd0a887216ed5ae7ca38c97fcf7aac11b808e1c269e1722,45286,100,75,"100; 75; Samsung Techwin; <Digimax i50 MP3, Samsung #1 MP3>; Horizontal (normal);",valid,Embedded Samsung Make/Model
jpeg/android/jolla.jpg,JPEG,Android camera,,,https://github.com/ianare/exif-samples,exif-samples/jpg/mobile/jolla.jpg,see upstream repository,HIGH,ee6bc1200cf8b1b26f5b60d8294d9617e8099f6dfdd7a4757a424f332360f5e3,811904,3264,2448,3264; 2448; Jolla; Jolla; Horizontal (normal);,valid,Embedded HMD/Jolla device Make and Model
jpeg/canon/22-canon_tags.jpg,JPEG,Canon camera,,,https://github.com/ianare/exif-samples,exif-samples/jpg/tests/22-canon_tags.jpg,see upstream repository,HIGH,494458d1d90e7d2b7c1aefe362cbf167ecdca1f3477f0bd2c801503a1d537b14,448492,1600,1200,1600; 1200; Canon; Canon PowerShot SD300; Horizontal (normal);,valid,MakerNote-focused upstream test sample
jpeg/canon/Canon_40D.jpg,JPEG,Canon camera,,,https://github.com/ianare/exif-samples,exif-samples/jpg/Canon_40D.jpg,see upstream repository,HIGH,6bfdabd4fc33d112283c147acccc574e770bbe6fbdbc3d4da968ba7b606ecc2f,7958,100,68,100; 68; Canon; Canon EOS 40D; Horizontal (normal); sRGB IEC61966-2.1;,valid,Exif Make/Model and MakerNote where present
jpeg/canon/Canon_40D_photoshop_import.jpg,JPEG,Canon camera,,,https://github.com/ianare/exif-samples,exif-samples/jpg/Canon_40D_photoshop_import.jpg,see upstream repository,HIGH,40a7aa2cc28d8544b31408e6d54c568e6b749a8faf239c7a6234b315e953b9d5,9686,100,77,100; 77; Horizontal (normal); sRGB IEC61966-2.1;,valid,Exif Make/Model and MakerNote where present
jpeg/canon/Canon_DIGITAL_IXUS_400.jpg,JPEG,Canon camera,,,https://github.com/ianare/exif-samples,exif-samples/jpg/Canon_DIGITAL_IXUS_400.jpg,see upstream repository,HIGH,35bf720e692071697c6db45eb0e6f0007f25e4fac752412daae9ab07a4c1ee1b,9207,100,75,100; 75; Canon; Canon DIGITAL IXUS 400; Horizontal (normal);,valid,Exif Make/Model and MakerNote where present
jpeg/canon/Canon_PowerShot_S40.jpg,JPEG,Canon camera,,,https://github.com/ianare/exif-samples,exif-samples/jpg/Canon_PowerShot_S40.jpg,see upstream repository,HIGH,7e4a3a3a0faf27e22a1b4b1b9bdf14f5324f05ebfb2a535e6207f118ab8f9f63,32102,480,360,480; 360; Canon; Canon PowerShot S40; Horizontal (normal);,valid,Exif Make/Model and MakerNote where present
jpeg/canon/canon-ixus.jpg,JPEG,Canon camera,,,https://github.com/ianare/exif-samples,exif-samples/jpg/exif-org/canon-ixus.jpg,see upstream repository,HIGH,d3478b94870bdb85e2bbecacf861242cffbd84df3e661a3f5384e2d32a5cba64,127465,640,480,640; 480; Canon; Canon DIGITAL IXUS; Horizontal (normal);,valid,Exif-org camera sample
jpeg/iphone/IMG_5250.jpeg,JPEG,Apple iPhone,,,https://github.com/ianare/exif-samples,exif-samples/heic/IMG_5250.jpeg,see upstream repository,MEDIUM,30d9c78b6f7e7d44ae1bc850d977bdfd6886c249e172b64ecea46ac7fc3cfa6d,6992901,4032,3024,4032; 3024; Apple; iPhone 11 Pro Max; iPhone 11 Pro Max back triple camera 4.25mm f/1.8; Horizontal (normal); Display P3;,valid,Upstream original filename; validate embedded metadata
jpeg/iphone/iphone_hdr_NO.jpg,JPEG,Apple iPhone,,,https://github.com/ianare/exif-samples,exif-samples/jpg/hdr/iphone_hdr_NO.jpg,see upstream repository,MEDIUM,58ead30583f322c1752d18ee9fe6633723988329b429857110e71257cc77b499,1954796,3264,2448,3264; 2448; Apple; iPhone 6; iPhone 6 back camera 4.15mm f/2.2; Horizontal (normal);,valid,Upstream filename identifies iPhone HDR sample; inspect before public redistribution
jpeg/iphone/iphone_hdr_YES.jpg,JPEG,Apple iPhone,,,https://github.com/ianare/exif-samples,exif-samples/jpg/hdr/iphone_hdr_YES.jpg,see upstream repository,MEDIUM,2d61c3d2a555b45c836950afa1eeb3de6e01de99cf10535e4596a1618c697a0d,1973743,3264,2448,3264; 2448; Apple; iPhone 6; iPhone 6 back camera 4.15mm f/2.2; Horizontal (normal);,valid,Upstream filename identifies iPhone HDR sample; inspect before public redistribution
jpeg/nikon/Nikon_COOLPIX_P1.jpg,JPEG,Nikon camera,,,https://github.com/ianare/exif-samples,exif-samples/jpg/Nikon_COOLPIX_P1.jpg,see upstream repository,HIGH,896b47424dc1c87154a50b40394ae887a0b0d7d830f38a9d969295995f27ef43,7068,100,75,100; 75; NIKON; COOLPIX P1; Horizontal (normal);,valid,Exif Make/Model and MakerNote where present
jpeg/nikon/Nikon_D70.jpg,JPEG,Nikon camera,,,https://github.com/ianare/exif-samples,exif-samples/jpg/Nikon_D70.jpg,see upstream repository,HIGH,8e2a627b96ca71c20129161f46bda3d338407da99bd11b1055adb27af27d7ef5,14034,100,66,100; 66; NIKON CORPORATION; NIKON D70; Horizontal (normal); sRGB IEC61966-2.1;,valid,Exif Make/Model and MakerNote where present
jpeg/nikon/nikon-e950.jpg,JPEG,Nikon camera,,,https://github.com/ianare/exif-samples,exif-samples/jpg/exif-org/nikon-e950.jpg,see upstream repository,HIGH,7920518dec63a63074ca8e1861b61f69be687b3dd0caa3eb65cdaac4c4f43fd0,164151,800,600,800; 600; NIKON; E950; Horizontal (normal);,valid,Exif-org camera sample
jpeg/sony/Sony_HDR-HC3.jpg,JPEG,Sony camera,,,https://github.com/ianare/exif-samples,exif-samples/jpg/Sony_HDR-HC3.jpg,see upstream repository,HIGH,4f707d9b40d423a5246748bc1e05b66c4b87e30863f7a51ce18904a7ec43a39e,3565,100,64,100; 64; SONY; HDR-HC3; Horizontal (normal);,valid,Exif Make/Model evidence
jpeg/sony/sony-cybershot.jpg,JPEG,Sony camera,,,https://github.com/ianare/exif-samples,exif-samples/jpg/exif-org/sony-cybershot.jpg,see upstream repository,HIGH,0e69b12f261907dc9fcfb89082a6a61948db849d836673017a7e972d49184404,63643,640,480,640; 480; SONY; CYBERSHOT; Horizontal (normal);,valid,Exif Make/Model evidence
jpeg/sony/sony-d700.jpg,JPEG,Sony camera,,,https://github.com/ianare/exif-samples,exif-samples/jpg/exif-org/sony-d700.jpg,see upstream repository,HIGH,8ff0028190b36a6c4af79989b248dd5e949d289d32c5f0e005be2db45d363c98,79446,672,512,672; 512; SONY; DSC-D700; Horizontal (normal);,valid,Exif Make/Model evidence
jpeg/sony/sony-powershota5.jpg,JPEG,Sony camera,,,https://github.com/ianare/exif-samples,exif-samples/jpg/exif-org/sony-powershota5.jpg,see upstream repository,MEDIUM,64d7080a9414773fd0054441f9862dabe07ae28b9148511740603692f2f23b7c,58405,1024,768,1024; 768; Canon; Canon PowerShot A5;,valid,Exif-org sample; model metadata determines final evidence
pdf/acrobat/020-xmp.pdf,PDF,PDF producer (inspect metadata),,,https://github.com/py-pdf/sample-files,sample-files/020-xmp/output_with_metadata_pymupdf.pdf,see upstream repository,MEDIUM,34d7f0f0cf97931e862f3ecdd625bbbde736c11e96c62c22bfa63544c370700f,2097,,1,1.3; 1;,valid,Real sample; source does not establish Acrobat provenance
pdf/acrobat/021-pdfa.pdf,PDF,PDF producer (inspect metadata),,,https://github.com/py-pdf/sample-files,sample-files/021-pdfa/crazyones-pdfa.pdf,see upstream repository,MEDIUM,f05f2738a1fa8c1d2e1147881fe1a62516a7f8caaf784067790731f56df626c4,16368,,1,GPL Ghostscript 10.00.0; 1.4; 1;,valid,Real sample; source does not establish Acrobat provenance
pdf/acrobat/024-annotations.pdf,PDF,PDF producer (inspect metadata),,,https://github.com/py-pdf/sample-files,sample-files/024-annotations/annotated_pdf.pdf,see upstream repository,MEDIUM,b8cf4a13f1a2d3ae1a522114b2406f8210339ab9c27ba25d186078528bfc6bde,1833,,1,produced by FPDF2; 1.6; 1;,valid,Real sample; source does not establish Acrobat provenance
pdf/acrobat/025-attachment.pdf,PDF,PDF producer (inspect metadata),,,https://github.com/py-pdf/sample-files,sample-files/025-attachment/with-attachment.pdf,see upstream repository,MEDIUM,1c7e5f3bb3bbf9a2424cac84f46b17e5b62af0719d63b445c280c76634b316ba,24296,,1,pypdf; 1.5; 1;,valid,Real sample; source does not establish Acrobat provenance
pdf/acrobat/027-cropped-rotated-scaled.pdf,PDF,PDF producer (inspect metadata),,,https://github.com/py-pdf/sample-files,sample-files/027-cropped-rotated-scaled/cropped-rotated-scaled.pdf,see upstream repository,MEDIUM,cc195eac510b81123de4f55ac9f8185f2120975a7b75a106460b98615737aacd,272039,,4,pypdf; 1.7; 4;,valid,Real sample; source does not establish Acrobat provenance
pdf/latex/003-pdflatex-image.pdf,PDF,pdfLaTeX,,,https://github.com/py-pdf/sample-files,sample-files/003-pdflatex-image/pdflatex-image.pdf,see upstream repository,HIGH,64c5bc35008015936ef3ff60f6ad268a713b5271727b72ef308f87b9b495646f,74061,,1,pdfTeX-1.40.23; 1.5; 1;,valid,Directory and source project explicitly identify pdfLaTeX
pdf/latex/004-pdflatex-4-pages.pdf,PDF,pdfLaTeX,,,https://github.com/py-pdf/sample-files,sample-files/004-pdflatex-4-pages/pdflatex-4-pages.pdf,see upstream repository,HIGH,f17a09190ad8a04964d78115d8ba7fc7a298557274fa14932ba58612342b7dec,24607,,4,pdfTeX-1.40.23; 1.5; 4;,valid,Directory and source project explicitly identify pdfLaTeX
pdf/latex/006-pdflatex-outline.pdf,PDF,pdfLaTeX,,,https://github.com/py-pdf/sample-files,sample-files/006-pdflatex-outline/pdflatex-outline.pdf,see upstream repository,HIGH,17b5a4dac75613b82749c7538fc93991a385a5d419cc9832fdba24c1726a031a,48722,,4,pdfTeX-1.40.23; 1.5; 4;,valid,Directory and source project explicitly identify pdfLaTeX
pdf/latex/010-pdflatex-forms.pdf,PDF,pdfLaTeX,,,https://github.com/py-pdf/sample-files,sample-files/010-pdflatex-forms/pdflatex-forms.pdf,see upstream repository,HIGH,fc6265298caafffeee9dd2d7f3ae2e53ab9f61ec0561369429d442f731d339da,27712,,1,pdfTeX-1.40.23; 1.5; 1;,valid,Directory and source project explicitly identify pdfLaTeX
pdf/latex/026-latex-multicolumn.pdf,PDF,pdfLaTeX,,,https://github.com/py-pdf/sample-files,sample-files/026-latex-multicolumn/multicolumn.pdf,see upstream repository,HIGH,bdb495e95b3e1afae95013099dc59b0cea047f1fa70f677ee9cb33f10faa1c6c,78657,,3,pdfTeX-1.40.21; 1.5; 3;,valid,Directory and source project explicitly identify pdfLaTeX
pdf/latex/GeoTopo-komprimiert.pdf,PDF,pdfLaTeX,,,https://github.com/py-pdf/sample-files,sample-files/009-pdflatex-geotopo/GeoTopo-komprimiert.pdf,see upstream repository,HIGH,c598efa1b0bf11ebf4e325c156821da0d47c710ae6f8de3f86dc00a455a3b2d4,1793479,,117,3-Heights™ PDF Optimization Shell 6.3.1.5 (http://www.pdf-tools.com); 1.5; 117;,malformed-but-useful: qpdf --check failed,Directory and source project explicitly identify pdfLaTeX
pdf/latex/GeoTopo.pdf,PDF,pdfLaTeX,,,https://github.com/py-pdf/sample-files,sample-files/009-pdflatex-geotopo/GeoTopo.pdf,see upstream repository,HIGH,1c8d117e58878659ca5c0da32e590767ec870ed3a420dfa5d6690a66ebc3f7c5,5321132,,117,pdfTeX-1.40.16; 1.5; 117;,valid,Directory and source project explicitly identify pdfLaTeX
pdf/scanner/007-imagemagick-images.pdf,PDF,image/scanned-document style PDF,,,https://github.com/py-pdf/sample-files,sample-files/007-imagemagick-images/imagemagick-images.pdf,see upstream repository,LOW,0f2076573bfed1107300a2383b88bbbbc2b85a57f06b3ff478a0faa7ded57b4e,16012,,6,https://imagemagick.org; 1.7; 6;,valid,Useful image-heavy real sample; scanner producer unverified
pdf/scanner/019-grayscale-image.pdf,PDF,image/scanned-document style PDF,,,https://github.com/py-pdf/sample-files,sample-files/019-grayscale-image/grayscale-image.pdf,see upstream repository,LOW,3adfd74b88cebcdd46c83f9b1d86b6995700233126b53e2f1fcacb40eab2dc84,40115,,1,1.7;,valid,Useful image-heavy real sample; scanner producer unverified
pdf/scanner/imagemagick-ASCII85Decode.pdf,PDF,image/scanned-document style PDF,,,https://github.com/py-pdf/sample-files,sample-files/007-imagemagick-images/imagemagick-ASCII85Decode.pdf,see upstream repository,LOW,99c687865a8c81b11fe2b6be84b4aaf47bf785556d07274debf9bc1e0807ed2f,2848,,1,https://imagemagick.org; 1.7; 1;,valid,Useful image-heavy real sample; scanner producer unverified
pdf/scanner/imagemagick-CCITTFaxDecode.pdf,PDF,image/scanned-document style PDF,,,https://github.com/py-pdf/sample-files,sample-files/007-imagemagick-images/imagemagick-CCITTFaxDecode.pdf,see upstream repository,LOW,cf6f94b533dc28974961fd62a67ebfc722224a0be8a4f0c4c91b26a522d5f70d,1880,,1,https://imagemagick.org; 1.3; 1;,valid,Useful image-heavy real sample; scanner producer unverified
pdf/scanner/imagemagick-lzw.pdf,PDF,image/scanned-document style PDF,,,https://github.com/py-pdf/sample-files,sample-files/007-imagemagick-images/imagemagick-lzw.pdf,see upstream repository,LOW,ee7ce5f301920761371b0a2537634c39b9a8cd2ab578dee4c17056da297628d8,2678,,1,https://imagemagick.org; 1.7; 1;,valid,Useful image-heavy real sample; scanner producer unverified
pdf/word/002-trivial-libre-office-writer.pdf,PDF,LibreOffice Writer,,,https://github.com/py-pdf/sample-files,sample-files/002-trivial-libre-office-writer/002-trivial-libre-office-writer.pdf,see upstream repository,HIGH,fc67ce4f76ffb44e818ebe4f673dbeb6002ad93a59f3856ff14fb1d3625f10a5,12609,,1,LibreOffice 6.4; 1.5; 1;,valid,Explicit upstream directory; intentionally not misclassified as Word
pdf/word/005-libreoffice-writer-password.pdf,PDF,LibreOffice Writer,,,https://github.com/py-pdf/sample-files,sample-files/005-libreoffice-writer-password/libreoffice-writer-password.pdf,see upstream repository,HIGH,3e333bff0196d0c5320f40cdd1b7a3abd21b316de79de3c0f9083accdaef9358,12783,,,1.5;,malformed-but-useful: qpdf --check failed,Explicit upstream directory; intentionally not misclassified as Word
pdf/word/011-google-doc-document.pdf,PDF,Google Docs,,,https://github.com/py-pdf/sample-files,sample-files/011-google-doc-document/google-doc-document.pdf,see upstream repository,HIGH,69f6b7f493b1bc55d518942976cbeadc4ec0a36f6d8a6dc24feffc516d35b2c9,80100,,1,Skia/PDF m103 Google Docs Renderer; 1.4; 1;,valid,Explicit upstream producer directory; retained in requested office bucket
pdf/word/012-libreoffice-form.pdf,PDF,LibreOffice Writer,,,https://github.com/py-pdf/sample-files,sample-files/012-libreoffice-form/libreoffice-form.pdf,see upstream repository,HIGH,9105eeef8c8cafdb141b7edd768a5e08adffe320d1d4f89e1a7112a2b37d1c57,34186,,1,LibreOffice 6.4; 1.5; 1;,valid,Explicit upstream directory; intentionally not misclassified as Word
pdf/word/016-libre-office-link.pdf,PDF,LibreOffice Writer,,,https://github.com/py-pdf/sample-files,sample-files/016-libre-office-link/libre-office-link.pdf,see upstream repository,HIGH,bc38b458acd125c09fb7603cf0cca5d8737eea9fe353c2aef2c42b3db9cf9076,9473,,1,LibreOffice 6.4; 1.5; 1;,valid,Explicit upstream directory; intentionally not misclassified as Word
png/browser/Disable_auto_recalculation_26.png,PNG,web upload/browser asset,,,https://github.com/imazen/codec-corpus,codec-corpus/png-conformance/Disable_auto_recalculation_26.png,see upstream repository,MEDIUM,4218f585cacf7c7d7f573a496b7010a4a89f6a25d9eb2179b794ca1b6be2684e,1116,26,26,26; 26;,valid,Real Wikimedia upload retained by codec-corpus
png/browser/wm_upload_wikimedia_org_4edbe895c4c29af5.png,PNG,web upload/browser asset,,,https://github.com/imazen/codec-corpus,codec-corpus/png-conformance/wm_upload_wikimedia_org_4edbe895c4c29af5.png,see upstream repository,MEDIUM,8a3f47c92154696bcf1961e94afbe4aea615b3e4cdde27d1ebe0a5741044cdc5,2825,1,10,1; 10; sRGB IEC61966-2.1;,valid,Real Wikimedia upload retained by codec-corpus
png/browser/wm_upload_wikimedia_org_a23d1e831e128dff.png,PNG,web upload/browser asset,,,https://github.com/imazen/codec-corpus,codec-corpus/png-conformance/wm_upload_wikimedia_org_a23d1e831e128dff.png,see upstream repository,MEDIUM,41ecd27267257010bae83ef41a9f21829f1e45388065777de2412a6f5c9de43c,771773,3508,2480,3508; 2480; sRGB IEC61966-2.1;,valid,Real Wikimedia upload retained by codec-corpus
png/browser/wm_upload_wikimedia_org_c8a458b0cef3d942.png,PNG,web upload/browser asset,,,https://github.com/imazen/codec-corpus,codec-corpus/png-conformance/wm_upload_wikimedia_org_c8a458b0cef3d942.png,see upstream repository,MEDIUM,552f2a1a52d7f2348b334137203e1c19257630284d5f8aa9a6c140b290b35a2a,633984,1920,1920,1920; 1920;,valid,Real Wikimedia upload retained by codec-corpus
png/browser/wm_upload_wikimedia_org_f14b0faca19b77e2.png,PNG,web upload/browser asset,,,https://github.com/imazen/codec-corpus,codec-corpus/png-conformance/wm_upload_wikimedia_org_f14b0faca19b77e2.png,see upstream repository,MEDIUM,019785009b0d76d896af1aad103a9277c3dd763688d106005c4e45e89289f230,13149,450,332,450; 332;,valid,Real Wikimedia upload retained by codec-corpus
png/design-tools/frymire.png,PNG,design/image-processing application,,,https://github.com/imazen/codec-corpus,codec-corpus/imageflow/test_inputs/frymire.png,see upstream repository,MEDIUM,3c01e1a46c584457282fbc75f7e005040b9e58670f4f33aa25c29eb79e659030,252124,1118,1105,1118; 1105;,valid,Real application test input; producer not asserted beyond upstream evidence
png/design-tools/gradients.png,PNG,design/image-processing application,,,https://github.com/imazen/codec-corpus,codec-corpus/imageflow/test_inputs/gradients.png,see upstream repository,MEDIUM,382b3fd2ac6955433a4d3b8edddd0e628d619866ced88916cb3ed292ac99b8fa,94018,256,128,256; 128;,valid,Real application test input; producer not asserted beyond upstream evidence
png/design-tools/red-night.png,PNG,design/image-processing application,,,https://github.com/imazen/codec-corpus,codec-corpus/imageflow/test_inputs/red-night.png,see upstream repository,MEDIUM,2de27c43c627c53686be220407a5f5552a83336faa5e112bd17ae919ee19e557,137222,400,267,400; 267;,valid,Real application test input; producer not asserted beyond upstream evidence
png/design-tools/rings2.png,PNG,design/image-processing application,,,https://github.com/imazen/codec-corpus,codec-corpus/imageflow/test_inputs/rings2.png,see upstream repository,MEDIUM,e703c22d4a0cd124002975f18280902d92cc27853310feae53a0e06102b52b6b,161573,1022,1022,1022; 1022;,valid,Real application test input; producer not asserted beyond upstream evidence
png/design-tools/whitespace-issue.png,PNG,design/image-processing application,,,https://github.com/imazen/codec-corpus,codec-corpus/imageflow/test_inputs/whitespace-issue.png,see upstream repository,MEDIUM,7227f6f87935498bddf92e355b6c07922c424358c6ca6f373fd0c16998f7efb4,51859,3000,2000,3000; 2000;,valid,Real application test input; producer not asserted beyond upstream evidence
png/linux/16bpc/basn6a16.png,PNG,Linux open-source corpus asset,,,https://github.com/imazen/codec-corpus,codec-corpus/image-rs/test-images/png/16bpc/basn6a16.png,see upstream repository,LOW,8f9d81060aebf4576461403c5057de7f23f73157016b659402b906df805845aa,3435,32,32,32; 32;,valid,Useful real/conformance asset; desktop producer unverified
png/linux/bugfixes/issue#2026.png,PNG,Linux open-source corpus asset,,,https://github.com/imazen/codec-corpus,codec-corpus/image-rs/test-images/png/bugfixes/issue#2026.png,see upstream repository,LOW,bf282001281417100ac90856b46692383eb04c8c7fddfaea9bff5df7c5140d90,247,identify:,attempt,1; 1;,valid,Useful real/conformance asset; desktop producer unverified
png/linux/interlaced/basi2c08.png,PNG,Linux open-source corpus asset,,,https://github.com/imazen/codec-corpus,codec-corpus/image-rs/test-images/png/interlaced/basi2c08.png,see upstream repository,LOW,b2690d4475cdc39faf5a7d2de20de4e14eb96c6360fa791ec2003b4085ecacde,315,32,32,32; 32;,valid,Useful real/conformance asset; desktop producer unverified
png/linux/transparency/acid2.png,PNG,Linux open-source corpus asset,,,https://github.com/imazen/codec-corpus,codec-corpus/image-rs/test-images/png/transparency/acid2.png,see upstream repository,LOW,b95534c515880250a4d87a2dede9d39f086249c6d0b61d1d448da28ea43a444c,110,2,2,2; 2;,valid,Useful real/conformance asset; desktop producer unverified
png/macos/31182064-e1c54784-a8f0-11e7-8bb3-833bba872975.png,PNG,desktop screenshot/application asset,,,https://github.com/imazen/codec-corpus,codec-corpus/imageflow/test_inputs/31182064-e1c54784-a8f0-11e7-8bb3-833bba872975.png,see upstream repository,LOW,25b347a1a4c7b8ad771e04f173722fa091f245b520235e66bc13cff76284dcb6,37537,314,365,314; 365;,valid,No producer claim; category is a targeted local coverage bucket
png/macos/dice.png,PNG,desktop screenshot/application asset,,,https://github.com/imazen/codec-corpus,codec-corpus/imageflow/test_inputs/dice.png,see upstream repository,LOW,82e9a1488d5be70b68711c7d723733493f455c44376572d1fba1ea3947dad8e6,220991,800,600,800; 600;,valid,No producer claim; category is a targeted local coverage bucket
png/macos/png_turns_empty_2.png,PNG,desktop screenshot/application asset,,,https://github.com/imazen/codec-corpus,codec-corpus/imageflow/test_inputs/png_turns_empty_2.png,see upstream repository,LOW,cbc06a6a1cf2021d568e106f2255287d7e4be7ab2dc75b048c6a7d5041f5fe7a,18882,400,400,400; 400;,valid,No producer claim; category is a targeted local coverage bucket
png/macos/shirt_transparent.png,PNG,desktop screenshot/application asset,,,https://github.com/imazen/codec-corpus,codec-corpus/imageflow/test_inputs/shirt_transparent.png,see upstream repository,LOW,eb110337d3b1213c912d372959f25d9d77758567619b495762e0ec072c95b471,277913,500,500,500; 500; NIKON CORPORATION; NIKON D500; Adobe RGB (1998);,valid,No producer claim; category is a targeted local coverage bucket
png/macos/whitespace-issue.png,PNG,desktop screenshot/application asset,,,https://github.com/imazen/codec-corpus,codec-corpus/imageflow/test_inputs/whitespace-issue.png,see upstream repository,LOW,7227f6f87935498bddf92e355b6c07922c424358c6ca6f373fd0c16998f7efb4,51859,3000,2000,3000; 2000;,valid,No producer claim; category is a targeted local coverage bucket
png/windows/14b47384-7042-11e5-801d-804da7b4cbe6.png,PNG,desktop application asset,,,https://github.com/imazen/codec-corpus,codec-corpus/png-conformance/14b47384-7042-11e5-801d-804da7b4cbe6.png,see upstream repository,LOW,f69a6a1f04c81560b6db05f92fdac4a6434dc825910a438773c9116d6952480a,1233,255,255,255; 255;,valid,No producer claim; validates chunk diversity
png/windows/wm_upload_wikimedia_org_3a9fa5185de5c6c8.png,PNG,desktop application asset,,,https://github.com/imazen/codec-corpus,codec-corpus/png-conformance/wm_upload_wikimedia_org_3a9fa5185de5c6c8.png,see upstream repository,LOW,e1a450218368fc18a53a9e99faf11702ba64e7993ce1197ccdd532f43075525e,3082,48,48,48; 48;,valid,No producer claim; validates chunk diversity
png/windows/wm_upload_wikimedia_org_45634e241d7821a3.png,PNG,desktop application asset,,,https://github.com/imazen/codec-corpus,codec-corpus/png-conformance/wm_upload_wikimedia_org_45634e241d7821a3.png,see upstream repository,LOW,dd7307c212e0dcbcfae2d2c37ffbd97f02f9ace7e2974f2225a2dde5e80fd67f,358484,1105,658,1105; 658;,valid,No producer claim; validates chunk diversity
png/windows/wm_upload_wikimedia_org_a23d1e831e128dff.png,PNG,desktop application asset,,,https://github.com/imazen/codec-corpus,codec-corpus/png-conformance/wm_upload_wikimedia_org_a23d1e831e128dff.png,see upstream repository,LOW,41ecd27267257010bae83ef41a9f21829f1e45388065777de2412a6f5c9de43c,771773,3508,2480,3508; 2480; sRGB IEC61966-2.1;,valid,No producer claim; validates chunk diversity
png/windows/wm_upload_wikimedia_org_f6c96971fbd1da0d.png,PNG,desktop application asset,,,https://github.com/imazen/codec-corpus,codec-corpus/png-conformance/wm_upload_wikimedia_org_f6c96971fbd1da0d.png,see upstream repository,LOW,0cf37245396dd44797aee2d1e591f28cf29aad53248b7cd7495965edc86b3c27,2791,200,133,200; 133;,valid,No producer claim; validates chunk diversity
webp/android/2-color.webp,WebP,WebP reference/conformance asset,,,https://github.com/imazen/codec-corpus,codec-corpus/webp-conformance/valid/2-color.webp,see upstream repository,LOW,284ddab37b3cf76424a5a9a32351a84e815a0972f4bffd68571f6f67874c38d3,314,300,300,300; 300;,valid,Coverage bucket only; no unsupported Android producer claim
webp/android/simple-gray.webp,WebP,WebP reference/conformance asset,,,https://github.com/imazen/codec-corpus,codec-corpus/webp-conformance/valid/simple-gray.webp,see upstream repository,LOW,e8c20d94a8f2c7a86d82d394708169bb3637b35c5338faac7154eb7af1ce8c43,1236,100,100,100; 100;,valid,Coverage bucket only; no unsupported Android producer claim
webp/android/src_grad_16_q0_m4_ff50strong_def.webp,WebP,WebP reference/conformance asset,,,https://github.com/imazen/codec-corpus,codec-corpus/webp-conformance/valid/src_grad_16_q0_m4_ff50strong_def.webp,see upstream repository,LOW,c491c180d5075406879f52329ba53fcad8366cd136acaad3bee7a686f7e299bb,52,16,16,16; 16;,valid,Coverage bucket only; no unsupported Android producer claim
webp/android/src_noise_q50_m0_ff0_def.webp,WebP,WebP reference/conformance asset,,,https://github.com/imazen/codec-corpus,codec-corpus/webp-conformance/valid/src_noise_q50_m0_ff0_def.webp,see upstream repository,LOW,211656e102bff20d4af85d10378cab4a1c6ffba8510301c4c3b722b999ea4293,1850,64,64,64; 64;,valid,Coverage bucket only; no unsupported Android producer claim
webp/android/src_noise_q90_m4_def_def.webp,WebP,WebP reference/conformance asset,,,https://github.com/imazen/codec-corpus,codec-corpus/webp-conformance/valid/src_noise_q90_m4_def_def.webp,see upstream repository,LOW,2b18e5766478645fc6787175d38d105720f166721f14ae4abb63b2b54290864e,2856,64,64,64; 64;,valid,Coverage bucket only; no unsupported Android producer claim
webp/browser/extended_images/anim.webp,WebP,browser/web asset,,,https://github.com/imazen/codec-corpus,codec-corpus/image-rs/test-images/webp/extended_images/anim.webp,see upstream repository,MEDIUM,459d0f8601844487cebd09dd11d0f50346fa45820bb7a7d817140dcc811496b4,10818,200,200200,200; 200;,valid,Upstream test asset; exact browser encoder not asserted
webp/browser/lossless_images/simple_xmp.webp,WebP,browser/web asset,,,https://github.com/imazen/codec-corpus,codec-corpus/image-rs/test-images/webp/lossless_images/simple_xmp.webp,see upstream repository,MEDIUM,39ca67e1c836ace4c12dc84dc8ee599eef8c2de8134a7470795cbd89b1035d75,47662,300,300,300; 300;,valid,Upstream test asset; exact browser encoder not asserted
webp/browser/lossy_alpha.webp,WebP,browser/web asset,,,https://github.com/imazen/codec-corpus,codec-corpus/image-rs/test-images/webp/extended_images/lossy_alpha.webp,see upstream repository,MEDIUM,8d5b0f27f821d87106ed178831a9e62c95c09063e515b5d2ca89ad215547879f,1288,100,100,100; 100;,valid,Upstream test asset; exact browser encoder not asserted
webp/browser/lossy_images/simple-rgb.webp,WebP,browser/web asset,,,https://github.com/imazen/codec-corpus,codec-corpus/image-rs/test-images/webp/lossy_images/simple-rgb.webp,see upstream repository,MEDIUM,76ef749015935542838ffda9df014b823d4153a7ffeab09fd5670ef4e7fa0386,2184,100,100,100; 100;,valid,Upstream test asset; exact browser encoder not asserted
webp/browser/simple-gray.webp,WebP,browser/web asset,,,https://github.com/imazen/codec-corpus,codec-corpus/image-rs/test-images/webp/lossy_images/simple-gray.webp,see upstream repository,MEDIUM,e8c20d94a8f2c7a86d82d394708169bb3637b35c5338faac7154eb7af1ce8c43,1236,100,100,100; 100;,valid,Upstream test asset; exact browser encoder not asserted
webp/chrome/advertises_rgba_but_frames_are_rgb.webp,WebP,WebP reference encoder,,,https://github.com/imazen/codec-corpus,codec-corpus/webp-conformance/valid/advertises_rgba_but_frames_are_rgb.webp,see upstream repository,MEDIUM,5fd83430e1dca3ffcced5bcac452147f30296ab83cae00d84603959ba96abfb6,52286,265,199265,265; 199;,valid,Encoder settings encoded in upstream filename; not claimed Chrome-produced
webp/chrome/src_checker_odd_q0_m4_def_def.webp,WebP,WebP reference encoder,,,https://github.com/imazen/codec-corpus,codec-corpus/webp-conformance/valid/src_checker_odd_q0_m4_def_def.webp,see upstream repository,MEDIUM,b9c887f3b571fcc99cec7a36ce6a64556811e8a834c12491fc2ddee133391f2d,176,129,131,129; 131;,valid,Encoder settings encoded in upstream filename; not claimed Chrome-produced
webp/chrome/src_grad_16_q90_m4_ff0_def.webp,WebP,WebP reference encoder,,,https://github.com/imazen/codec-corpus,codec-corpus/webp-conformance/valid/src_grad_16_q90_m4_ff0_def.webp,see upstream repository,MEDIUM,21f6b590cafe6a68cf731e7b0496973dcd110392ce32481508458dcfac349680,100,16,16,16; 16;,valid,Encoder settings encoded in upstream filename; not claimed Chrome-produced
webp/chrome/src_noise_q0_m0_def_def.webp,WebP,WebP reference encoder,,,https://github.com/imazen/codec-corpus,codec-corpus/webp-conformance/valid/src_noise_q0_m0_def_def.webp,see upstream repository,MEDIUM,ad60285ec30b216c693c68b0082c31954760791654336946fdf457f860985e64,336,64,64,64; 64;,valid,Encoder settings encoded in upstream filename; not claimed Chrome-produced
webp/chrome/src_noise_q90_m4_ff50strong_def.webp,WebP,WebP reference encoder,,,https://github.com/imazen/codec-corpus,codec-corpus/webp-conformance/valid/src_noise_q90_m4_ff50strong_def.webp,see upstream repository,MEDIUM,f4e910f1e90a5072412fa8a290f8f4369ee57574b5e1a3fb55b18e1fbb51a335,2856,64,64,64; 64;,valid,Encoder settings encoded in upstream filename; not claimed Chrome-produced
webp/converters/1_webp_a.webp,WebP,Imageflow/libwebp conversion,,,https://github.com/imazen/codec-corpus,codec-corpus/imageflow/test_inputs/1_webp_a.webp,see upstream repository,HIGH,e89d207eff1f1499acd6a5b8dc4a326ecdf3d303e4a7e6fc65c268035326a75f,18840,400,301,400; 301;,valid,Upstream Imageflow conversion input
webp/converters/1_webp_ll.webp,WebP,Imageflow/libwebp conversion,,,https://github.com/imazen/codec-corpus,codec-corpus/imageflow/test_inputs/1_webp_ll.webp,see upstream repository,HIGH,cf2bebdf428f430a78095cf98a9aff1dfbcf856c6464852b351f7e5ab76d7200,81978,400,301,400; 301;,valid,Upstream Imageflow conversion input
webp/converters/5_webp_ll.webp,WebP,Imageflow/libwebp conversion,,,https://github.com/imazen/codec-corpus,codec-corpus/imageflow/test_inputs/5_webp_ll.webp,see upstream repository,HIGH,eadb502d74eae03f1f5c4ea3480826214796cbe73554a81060232a636b241aec,99426,300,300,300; 300;,valid,Upstream Imageflow conversion input
webp/converters/codec-conformance-simple.webp,WebP,WebP reference encoder,,,https://github.com/imazen/codec-corpus,codec-corpus/webp-conformance/valid/simple.webp,see upstream repository,MEDIUM,16dbdf943d5281fcc58758e278c703a61f9a7ef572343178948637ee4135880a,44776,300,300,300; 300;,valid,"Conformance producer, not attributed to a browser"
webp/converters/lossy_mountain.webp,WebP,Imageflow/libwebp conversion,,,https://github.com/imazen/codec-corpus,codec-corpus/imageflow/test_inputs/lossy_mountain.webp,see upstream repository,HIGH,4a5afeaff8483923da964bc7896f02d0283e8bff99b5b8f82a31ae3214dab1d0,30320,550,368,550; 368;,valid,Upstream Imageflow conversion input
webp/firefox/anim.webp,WebP,WebP reference/conformance asset,,,https://github.com/imazen/codec-corpus,codec-corpus/webp-conformance/valid/anim.webp,see upstream repository,LOW,459d0f8601844487cebd09dd11d0f50346fa45820bb7a7d817140dcc811496b4,10818,200,200200,200; 200;,valid,Coverage bucket only; no unsupported Firefox producer claim
webp/firefox/lossy_alpha.webp,WebP,WebP reference/conformance asset,,,https://github.com/imazen/codec-corpus,codec-corpus/webp-conformance/valid/lossy_alpha.webp,see upstream repository,LOW,8d5b0f27f821d87106ed178831a9e62c95c09063e515b5d2ca89ad215547879f,1288,100,100,100; 100;,valid,Coverage bucket only; no unsupported Firefox producer claim
webp/firefox/multi-color.webp,WebP,WebP reference/conformance asset,,,https://github.com/imazen/codec-corpus,codec-corpus/webp-conformance/valid/multi-color.webp,see upstream repository,LOW,6c1d82198912f1b07c81ce8ccd9fecb5825ec07fcdb42c352703e208cb2ea8d0,154746,300,300,300; 300;,valid,Coverage bucket only; no unsupported Firefox producer claim
webp/firefox/simple_xmp.webp,WebP,WebP reference/conformance asset,,,https://github.com/imazen/codec-corpus,codec-corpus/webp-conformance/valid/simple_xmp.webp,see upstream repository,LOW,39ca67e1c836ace4c12dc84dc8ee599eef8c2de8134a7470795cbd89b1035d75,47662,300,300,300; 300;,valid,Coverage bucket only; no unsupported Firefox producer claim
webp/firefox/src_checker_odd_q50_m0_ff0_def.webp,WebP,WebP reference/conformance asset,,,https://github.com/imazen/codec-corpus,codec-corpus/webp-conformance/valid/src_checker_odd_q50_m0_ff0_def.webp,see upstream repository,LOW,a5b9576a02e279f5ee66a04c2bf296d7a07dc09feaf5eaaab4e8d298929c7619,210,129,131,129; 131;,valid,Coverage bucket only; no unsupported Firefox producer claim
